date,time,timezone,review
2026-10-06,10:00,Asia/Makassar,Growth plan
2026-10-09,10:00,Asia/Makassar,Results and skill improvement
2026-10-13,10:00,Asia/Makassar,Growth plan
2026-10-16,10:00,Asia/Makassar,Results and skill improvement
2026-10-20,10:00,Asia/Makassar,Growth plan
2026-10-23,10:00,Asia/Makassar,Results and skill improvement
2026-10-27,10:00,Asia/Makassar,Growth plan
2026-10-30,10:00,Asia/Makassar,Results and skill improvement
2026-11-03,10:00,Asia/Makassar,Growth plan
2026-11-06,10:00,Asia/Makassar,Results and skill improvement
2026-11-10,10:00,Asia/Makassar,Growth plan
2026-11-13,10:00,Asia/Makassar,Results and skill improvement
2026-11-17,10:00,Asia/Makassar,Growth plan
2026-11-20,10:00,Asia/Makassar,Results and skill improvement
2026-11-24,10:00,Asia/Makassar,Growth plan
2026-11-27,10:00,Asia/Makassar,Results and skill improvement
2026-12-01,10:00,Asia/Makassar,Growth plan
2026-12-04,10:00,Asia/Makassar,Results and skill improvement
2026-12-08,10:00,Asia/Makassar,Growth plan
2026-12-11,10:00,Asia/Makassar,Results and skill improvement
2026-12-15,10:00,Asia/Makassar,Growth plan
2026-12-18,10:00,Asia/Makassar,Results and skill improvement
2026-12-22,10:00,Asia/Makassar,Growth plan
2026-12-25,10:00,Asia/Makassar,Results and skill improvement
2026-12-29,10:00,Asia/Makassar,Growth plan
2027-01-01,10:00,Asia/Makassar,Results and skill improvement
